,img_id,em_id,emotion,img_num
0,S005_001_00000007,S005_001_00000011,3,11
1,S005_001_00000008,S005_001_00000011,3,11
2,S005_001_00000009,S005_001_00000011,3,11
3,S005_001_00000010,S005_001_00000011,3,11
4,S005_001_00000011,S005_001_00000011,3,11
5,S010_002_00000010,S010_002_00000014,7,14
6,S010_002_00000011,S010_002_00000014,7,14
7,S010_002_00000012,S010_002_00000014,7,14
8,S010_002_00000013,S010_002_00000014,7,14
9,S010_002_00000014,S010_002_00000014,7,14
10,S010_004_00000015,S010_004_00000019,1,19
11,S010_004_00000016,S010_004_00000019,1,19
12,S010_004_00000017,S010_004_00000019,1,19
13,S010_004_00000018,S010_004_00000019,1,19
14,S010_004_00000019,S010_004_00000019,1,19
15,S010_006_00000011,S010_006_00000015,5,15
16,S010_006_00000012,S010_006_00000015,5,15
17,S010_006_00000013,S010_006_00000015,5,15
18,S010_006_00000014,S010_006_00000015,5,15
19,S010_006_00000015,S010_006_00000015,5,15
20,S011_001_00000012,S011_001_00000016,7,16
21,S011_001_00000013,S011_001_00000016,7,16
22,S011_001_00000014,S011_001_00000016,7,16
23,S011_001_00000015,S011_001_00000016,7,16
24,S011_001_00000016,S011_001_00000016,7,16
25,S011_002_00000018,S011_002_00000022,6,22
26,S011_002_00000019,S011_002_00000022,6,22
27,S011_002_00000020,S011_002_00000022,6,22
28,S011_002_00000021,S011_002_00000022,6,22
29,S011_002_00000022,S011_002_00000022,6,22
30,S011_003_00000010,S011_003_00000014,4,14
31,S011_003_00000011,S011_003_00000014,4,14
32,S011_003_00000012,S011_003_00000014,4,14
33,S011_003_00000013,S011_003_00000014,4,14
34,S011_003_00000014,S011_003_00000014,4,14
35,S011_004_00000017,S011_004_00000021,1,21
36,S011_004_00000018,S011_004_00000021,1,21
37,S011_004_00000019,S011_004_00000021,1,21
38,S011_004_00000020,S011_004_00000021,1,21
39,S011_004_00000021,S011_004_00000021,1,21
40,S011_005_00000016,S011_005_00000020,3,20
41,S011_005_00000017,S011_005_00000020,3,20
42,S011_005_00000018,S011_005_00000020,3,20
43,S011_005_00000019,S011_005_00000020,3,20
44,S011_005_00000020,S011_005_00000020,3,20
45,S011_006_00000009,S011_006_00000013,5,13
46,S011_006_00000010,S011_006_00000013,5,13
47,S011_006_00000011,S011_006_00000013,5,13
48,S011_006_00000012,S011_006_00000013,5,13
49,S011_006_00000013,S011_006_00000013,5,13
50,S014_001_00000025,S014_001_00000029,7,29
51,S014_001_00000026,S014_001_00000029,7,29
52,S014_001_00000027,S014_001_00000029,7,29
53,S014_001_00000028,S014_001_00000029,7,29
54,S014_001_00000029,S014_001_00000029,7,29
55,S014_002_00000012,S014_002_00000016,6,16
56,S014_002_00000013,S014_002_00000016,6,16
57,S014_002_00000014,S014_002_00000016,6,16
58,S014_002_00000015,S014_002_00000016,6,16
59,S014_002_00000016,S014_002_00000016,6,16
60,S014_003_00000026,S014_003_00000030,1,30
61,S014_003_00000027,S014_003_00000030,1,30
62,S014_003_00000028,S014_003_00000030,1,30
63,S014_003_00000029,S014_003_00000030,1,30
64,S014_003_00000030,S014_003_00000030,1,30
65,S014_005_00000013,S014_005_00000017,5,17
66,S014_005_00000014,S014_005_00000017,5,17
67,S014_005_00000015,S014_005_00000017,5,17
68,S014_005_00000016,S014_005_00000017,5,17
69,S014_005_00000017,S014_005_00000017,5,17
70,S022_001_00000026,S022_001_00000030,7,30
71,S022_001_00000027,S022_001_00000030,7,30
72,S022_001_00000028,S022_001_00000030,7,30
73,S022_001_00000029,S022_001_00000030,7,30
74,S022_001_00000030,S022_001_00000030,7,30
75,S022_005_00000028,S022_005_00000032,1,32
76,S022_005_00000029,S022_005_00000032,1,32
77,S022_005_00000030,S022_005_00000032,1,32
78,S022_005_00000031,S022_005_00000032,1,32
79,S022_005_00000032,S022_005_00000032,1,32
80,S022_006_00000013,S022_006_00000017,3,17
81,S022_006_00000014,S022_006_00000017,3,17
82,S022_006_00000015,S022_006_00000017,3,17
83,S022_006_00000016,S022_006_00000017,3,17
84,S022_006_00000017,S022_006_00000017,3,17
85,S026_001_00000011,S026_001_00000015,7,15
86,S026_001_00000012,S026_001_00000015,7,15
87,S026_001_00000013,S026_001_00000015,7,15
88,S026_001_00000014,S026_001_00000015,7,15
89,S026_001_00000015,S026_001_00000015,7,15
90,S026_002_00000012,S026_002_00000016,6,16
91,S026_002_00000013,S026_002_00000016,6,16
92,S026_002_00000014,S026_002_00000016,6,16
93,S026_002_00000015,S026_002_00000016,6,16
94,S026_002_00000016,S026_002_00000016,6,16
95,S026_003_00000011,S026_003_00000015,1,15
96,S026_003_00000012,S026_003_00000015,1,15
97,S026_003_00000013,S026_003_00000015,1,15
98,S026_003_00000014,S026_003_00000015,1,15
99,S026_003_00000015,S026_003_00000015,1,15
100,S026_006_00000009,S026_006_00000013,5,13
101,S026_006_00000010,S026_006_00000013,5,13
102,S026_006_00000011,S026_006_00000013,5,13
103,S026_006_00000012,S026_006_00000013,5,13
104,S026_006_00000013,S026_006_00000013,5,13
105,S028_001_00000020,S028_001_00000024,1,24
106,S028_001_00000021,S028_001_00000024,1,24
107,S028_001_00000022,S028_001_00000024,1,24
108,S028_001_00000023,S028_001_00000024,1,24
109,S028_001_00000024,S028_001_00000024,1,24
110,S029_001_00000015,S029_001_00000019,1,19
111,S029_001_00000016,S029_001_00000019,1,19
112,S029_001_00000017,S029_001_00000019,1,19
113,S029_001_00000018,S029_001_00000019,1,19
114,S029_001_00000019,S029_001_00000019,1,19
115,S032_001_00000018,S032_001_00000022,7,22
116,S032_001_00000019,S032_001_00000022,7,22
117,S032_001_00000020,S032_001_00000022,7,22
118,S032_001_00000021,S032_001_00000022,7,22
119,S032_001_00000022,S032_001_00000022,7,22
120,S032_003_00000013,S032_003_00000017,1,17
121,S032_003_00000014,S032_003_00000017,1,17
122,S032_003_00000015,S032_003_00000017,1,17
123,S032_003_00000016,S032_003_00000017,1,17
124,S032_003_00000017,S032_003_00000017,1,17
125,S032_004_00000010,S032_004_00000014,4,14
126,S032_004_00000011,S032_004_00000014,4,14
127,S032_004_00000012,S032_004_00000014,4,14
128,S032_004_00000013,S032_004_00000014,4,14
129,S032_004_00000014,S032_004_00000014,4,14
130,S032_005_00000012,S032_005_00000016,3,16
131,S032_005_00000013,S032_005_00000016,3,16
132,S032_005_00000014,S032_005_00000016,3,16
133,S032_005_00000015,S032_005_00000016,3,16
134,S032_005_00000016,S032_005_00000016,3,16
135,S032_006_00000012,S032_006_00000016,5,16
136,S032_006_00000013,S032_006_00000016,5,16
137,S032_006_00000014,S032_006_00000016,5,16
138,S032_006_00000015,S032_006_00000016,5,16
139,S032_006_00000016,S032_006_00000016,5,16
140,S034_001_00000025,S034_001_00000029,7,29
141,S034_001_00000026,S034_001_00000029,7,29
142,S034_001_00000027,S034_001_00000029,7,29
143,S034_001_00000028,S034_001_00000029,7,29
144,S034_001_00000029,S034_001_00000029,7,29
145,S034_003_00000023,S034_003_00000027,1,27
146,S034_003_00000024,S034_003_00000027,1,27
147,S034_003_00000025,S034_003_00000027,1,27
148,S034_003_00000026,S034_003_00000027,1,27
149,S034_003_00000027,S034_003_00000027,1,27
150,S034_005_00000006,S034_005_00000010,5,10
151,S034_005_00000007,S034_005_00000010,5,10
152,S034_005_00000008,S034_005_00000010,5,10
153,S034_005_00000009,S034_005_00000010,5,10
154,S034_005_00000010,S034_005_00000010,5,10
155,S035_001_00000011,S035_001_00000015,7,15
156,S035_001_00000012,S035_001_00000015,7,15
157,S035_001_00000013,S035_001_00000015,7,15
158,S035_001_00000014,S035_001_00000015,7,15
159,S035_001_00000015,S035_001_00000015,7,15
160,S035_005_00000015,S035_005_00000019,3,19
161,S035_005_00000016,S035_005_00000019,3,19
162,S035_005_00000017,S035_005_00000019,3,19
163,S035_005_00000018,S035_005_00000019,3,19
164,S035_005_00000019,S035_005_00000019,3,19
165,S035_006_00000014,S035_006_00000018,5,18
166,S035_006_00000015,S035_006_00000018,5,18
167,S035_006_00000016,S035_006_00000018,5,18
168,S035_006_00000017,S035_006_00000018,5,18
169,S035_006_00000018,S035_006_00000018,5,18
170,S037_001_00000016,S037_001_00000020,7,20
171,S037_001_00000017,S037_001_00000020,7,20
172,S037_001_00000018,S037_001_00000020,7,20
173,S037_001_00000019,S037_001_00000020,7,20
174,S037_001_00000020,S037_001_00000020,7,20
175,S037_003_00000018,S037_003_00000022,1,22
176,S037_003_00000019,S037_003_00000022,1,22
177,S037_003_00000020,S037_003_00000022,1,22
178,S037_003_00000021,S037_003_00000022,1,22
179,S037_003_00000022,S037_003_00000022,1,22
180,S037_006_00000017,S037_006_00000021,5,21
181,S037_006_00000018,S037_006_00000021,5,21
182,S037_006_00000019,S037_006_00000021,5,21
183,S037_006_00000020,S037_006_00000021,5,21
184,S037_006_00000021,S037_006_00000021,5,21
185,S042_001_00000015,S042_001_00000019,7,19
186,S042_001_00000016,S042_001_00000019,7,19
187,S042_001_00000017,S042_001_00000019,7,19
188,S042_001_00000018,S042_001_00000019,7,19
189,S042_001_00000019,S042_001_00000019,7,19
190,S042_002_00000012,S042_002_00000016,6,16
191,S042_002_00000013,S042_002_00000016,6,16
192,S042_002_00000014,S042_002_00000016,6,16
193,S042_002_00000015,S042_002_00000016,6,16
194,S042_002_00000016,S042_002_00000016,6,16
195,S042_004_00000016,S042_004_00000020,1,20
196,S042_004_00000017,S042_004_00000020,1,20
197,S042_004_00000018,S042_004_00000020,1,20
198,S042_004_00000019,S042_004_00000020,1,20
199,S042_004_00000020,S042_004_00000020,1,20
200,S042_006_00000013,S042_006_00000017,5,17
201,S042_006_00000014,S042_006_00000017,5,17
202,S042_006_00000015,S042_006_00000017,5,17
203,S042_006_00000016,S042_006_00000017,5,17
204,S042_006_00000017,S042_006_00000017,5,17
205,S044_001_00000020,S044_001_00000024,7,24
206,S044_001_00000021,S044_001_00000024,7,24
207,S044_001_00000022,S044_001_00000024,7,24
208,S044_001_00000023,S044_001_00000024,7,24
209,S044_001_00000024,S044_001_00000024,7,24
210,S044_003_00000010,S044_003_00000014,5,14
211,S044_003_00000011,S044_003_00000014,5,14
212,S044_003_00000012,S044_003_00000014,5,14
213,S044_003_00000013,S044_003_00000014,5,14
214,S044_003_00000014,S044_003_00000014,5,14
215,S044_006_00000015,S044_006_00000019,3,19
216,S044_006_00000016,S044_006_00000019,3,19
217,S044_006_00000017,S044_006_00000019,3,19
218,S044_006_00000018,S044_006_00000019,3,19
219,S044_006_00000019,S044_006_00000019,3,19
220,S045_004_00000011,S045_004_00000015,3,15
221,S045_004_00000012,S045_004_00000015,3,15
222,S045_004_00000013,S045_004_00000015,3,15
223,S045_004_00000014,S045_004_00000015,3,15
224,S045_004_00000015,S045_004_00000015,3,15
225,S045_005_00000026,S045_005_00000030,1,30
226,S045_005_00000027,S045_005_00000030,1,30
227,S045_005_00000028,S045_005_00000030,1,30
228,S045_005_00000029,S045_005_00000030,1,30
229,S045_005_00000030,S045_005_00000030,1,30
230,S046_001_00000021,S046_001_00000025,6,25
231,S046_001_00000022,S046_001_00000025,6,25
232,S046_001_00000023,S046_001_00000025,6,25
233,S046_001_00000024,S046_001_00000025,6,25
234,S046_001_00000025,S046_001_00000025,6,25
235,S046_002_00000002,S046_002_00000006,7,6
236,S046_002_00000003,S046_002_00000006,7,6
237,S046_002_00000004,S046_002_00000006,7,6
238,S046_002_00000005,S046_002_00000006,7,6
239,S046_002_00000006,S046_002_00000006,7,6
240,S046_003_00000012,S046_003_00000016,4,16
241,S046_003_00000013,S046_003_00000016,4,16
242,S046_003_00000014,S046_003_00000016,4,16
243,S046_003_00000015,S046_003_00000016,4,16
244,S046_003_00000016,S046_003_00000016,4,16
245,S046_004_00000013,S046_004_00000017,3,17
246,S046_004_00000014,S046_004_00000017,3,17
247,S046_004_00000015,S046_004_00000017,3,17
248,S046_004_00000016,S046_004_00000017,3,17
249,S046_004_00000017,S046_004_00000017,3,17
250,S050_001_00000013,S050_001_00000017,4,17
251,S050_001_00000014,S050_001_00000017,4,17
252,S050_001_00000015,S050_001_00000017,4,17
253,S050_001_00000016,S050_001_00000017,4,17
254,S050_001_00000017,S050_001_00000017,4,17
255,S050_002_00000014,S050_002_00000018,7,18
256,S050_002_00000015,S050_002_00000018,7,18
257,S050_002_00000016,S050_002_00000018,7,18
258,S050_002_00000017,S050_002_00000018,7,18
259,S050_002_00000018,S050_002_00000018,7,18
260,S050_004_00000017,S050_004_00000021,1,21
261,S050_004_00000018,S050_004_00000021,1,21
262,S050_004_00000019,S050_004_00000021,1,21
263,S050_004_00000020,S050_004_00000021,1,21
264,S050_004_00000021,S050_004_00000021,1,21
265,S050_006_00000019,S050_006_00000023,5,23
266,S050_006_00000020,S050_006_00000023,5,23
267,S050_006_00000021,S050_006_00000023,5,23
268,S050_006_00000022,S050_006_00000023,5,23
269,S050_006_00000023,S050_006_00000023,5,23
270,S051_002_00000015,S051_002_00000019,7,19
271,S051_002_00000016,S051_002_00000019,7,19
272,S051_002_00000017,S051_002_00000019,7,19
273,S051_002_00000018,S051_002_00000019,7,19
274,S051_002_00000019,S051_002_00000019,7,19
275,S051_003_00000014,S051_003_00000018,3,18
276,S051_003_00000015,S051_003_00000018,3,18
277,S051_003_00000016,S051_003_00000018,3,18
278,S051_003_00000017,S051_003_00000018,3,18
279,S051_003_00000018,S051_003_00000018,3,18
280,S052_001_00000011,S052_001_00000015,7,15
281,S052_001_00000012,S052_001_00000015,7,15
282,S052_001_00000013,S052_001_00000015,7,15
283,S052_001_00000014,S052_001_00000015,7,15
284,S052_001_00000015,S052_001_00000015,7,15
285,S052_004_00000029,S052_004_00000033,5,33
286,S052_004_00000030,S052_004_00000033,5,33
287,S052_004_00000031,S052_004_00000033,5,33
288,S052_004_00000032,S052_004_00000033,5,33
289,S052_004_00000033,S052_004_00000033,5,33
290,S052_006_00000009,S052_006_00000013,3,13
291,S052_006_00000010,S052_006_00000013,3,13
292,S052_006_00000011,S052_006_00000013,3,13
293,S052_006_00000012,S052_006_00000013,3,13
294,S052_006_00000013,S052_006_00000013,3,13
295,S053_001_00000019,S053_001_00000023,7,23
296,S053_001_00000020,S053_001_00000023,7,23
297,S053_001_00000021,S053_001_00000023,7,23
298,S053_001_00000022,S053_001_00000023,7,23
299,S053_001_00000023,S053_001_00000023,7,23
300,S053_004_00000020,S053_004_00000024,5,24
301,S053_004_00000021,S053_004_00000024,5,24
302,S053_004_00000022,S053_004_00000024,5,24
303,S053_004_00000023,S053_004_00000024,5,24
304,S053_004_00000024,S053_004_00000024,5,24
305,S054_002_00000011,S054_002_00000015,4,15
306,S054_002_00000012,S054_002_00000015,4,15
307,S054_002_00000013,S054_002_00000015,4,15
308,S054_002_00000014,S054_002_00000015,4,15
309,S054_002_00000015,S054_002_00000015,4,15
310,S054_003_00000003,S054_003_00000007,7,7
311,S054_003_00000004,S054_003_00000007,7,7
312,S054_003_00000005,S054_003_00000007,7,7
313,S054_003_00000006,S054_003_00000007,7,7
314,S054_003_00000007,S054_003_00000007,7,7
315,S054_004_00000020,S054_004_00000024,3,24
316,S054_004_00000021,S054_004_00000024,3,24
317,S054_004_00000022,S054_004_00000024,3,24
318,S054_004_00000023,S054_004_00000024,3,24
319,S054_004_00000024,S054_004_00000024,3,24
320,S055_001_00000008,S055_001_00000012,7,12
321,S055_001_00000009,S055_001_00000012,7,12
322,S055_001_00000010,S055_001_00000012,7,12
323,S055_001_00000011,S055_001_00000012,7,12
324,S055_001_00000012,S055_001_00000012,7,12
325,S055_003_00000005,S055_003_00000009,3,9
326,S055_003_00000006,S055_003_00000009,3,9
327,S055_003_00000007,S055_003_00000009,3,9
328,S055_003_00000008,S055_003_00000009,3,9
329,S055_003_00000009,S055_003_00000009,3,9
330,S055_004_00000024,S055_004_00000028,1,28
331,S055_004_00000025,S055_004_00000028,1,28
332,S055_004_00000026,S055_004_00000028,1,28
333,S055_004_00000027,S055_004_00000028,1,28
334,S055_004_00000028,S055_004_00000028,1,28
335,S055_005_00000041,S055_005_00000045,5,45
336,S055_005_00000042,S055_005_00000045,5,45
337,S055_005_00000043,S055_005_00000045,5,45
338,S055_005_00000044,S055_005_00000045,5,45
339,S055_005_00000045,S055_005_00000045,5,45
340,S055_006_00000004,S055_006_00000008,4,8
341,S055_006_00000005,S055_006_00000008,4,8
342,S055_006_00000006,S055_006_00000008,4,8
343,S055_006_00000007,S055_006_00000008,4,8
344,S055_006_00000008,S055_006_00000008,4,8
345,S056_002_00000006,S056_002_00000010,3,10
346,S056_002_00000007,S056_002_00000010,3,10
347,S056_002_00000008,S056_002_00000010,3,10
348,S056_002_00000009,S056_002_00000010,3,10
349,S056_002_00000010,S056_002_00000010,3,10
350,S056_003_00000006,S056_003_00000010,7,10
351,S056_003_00000007,S056_003_00000010,7,10
352,S056_003_00000008,S056_003_00000010,7,10
353,S056_003_00000009,S056_003_00000010,7,10
354,S056_003_00000010,S056_003_00000010,7,10
355,S056_004_00000016,S056_004_00000020,5,20
356,S056_004_00000017,S056_004_00000020,5,20
357,S056_004_00000018,S056_004_00000020,5,20
358,S056_004_00000019,S056_004_00000020,5,20
359,S056_004_00000020,S056_004_00000020,5,20
360,S057_001_00000015,S057_001_00000019,7,19
361,S057_001_00000016,S057_001_00000019,7,19
362,S057_001_00000017,S057_001_00000019,7,19
363,S057_001_00000018,S057_001_00000019,7,19
364,S057_001_00000019,S057_001_00000019,7,19
365,S057_003_00000011,S057_003_00000015,3,15
366,S057_003_00000012,S057_003_00000015,3,15
367,S057_003_00000013,S057_003_00000015,3,15
368,S057_003_00000014,S057_003_00000015,3,15
369,S057_003_00000015,S057_003_00000015,3,15
370,S057_006_00000029,S057_006_00000033,5,33
371,S057_006_00000030,S057_006_00000033,5,33
372,S057_006_00000031,S057_006_00000033,5,33
373,S057_006_00000032,S057_006_00000033,5,33
374,S057_006_00000033,S057_006_00000033,5,33
375,S058_001_00000016,S058_001_00000020,7,20
376,S058_001_00000017,S058_001_00000020,7,20
377,S058_001_00000018,S058_001_00000020,7,20
378,S058_001_00000019,S058_001_00000020,7,20
379,S058_001_00000020,S058_001_00000020,7,20
380,S058_005_00000006,S058_005_00000010,1,10
381,S058_005_00000007,S058_005_00000010,1,10
382,S058_005_00000008,S058_005_00000010,1,10
383,S058_005_00000009,S058_005_00000010,1,10
384,S058_005_00000010,S058_005_00000010,1,10
385,S058_006_00000014,S058_006_00000018,3,18
386,S058_006_00000015,S058_006_00000018,3,18
387,S058_006_00000016,S058_006_00000018,3,18
388,S058_006_00000017,S058_006_00000018,3,18
389,S058_006_00000018,S058_006_00000018,3,18
390,S059_001_00000014,S059_001_00000018,7,18
391,S059_001_00000015,S059_001_00000018,7,18
392,S059_001_00000016,S059_001_00000018,7,18
393,S059_001_00000017,S059_001_00000018,7,18
394,S059_001_00000018,S059_001_00000018,7,18
395,S059_002_00000013,S059_002_00000017,4,17
396,S059_002_00000014,S059_002_00000017,4,17
397,S059_002_00000015,S059_002_00000017,4,17
398,S059_002_00000016,S059_002_00000017,4,17
399,S059_002_00000017,S059_002_00000017,4,17
400,S060_002_00000022,S060_002_00000026,5,26
401,S060_002_00000023,S060_002_00000026,5,26
402,S060_002_00000024,S060_002_00000026,5,26
403,S060_002_00000025,S060_002_00000026,5,26
404,S060_002_00000026,S060_002_00000026,5,26
405,S060_003_00000014,S060_003_00000018,7,18
406,S060_003_00000015,S060_003_00000018,7,18
407,S060_003_00000016,S060_003_00000018,7,18
408,S060_003_00000017,S060_003_00000018,7,18
409,S060_003_00000018,S060_003_00000018,7,18
410,S060_005_00000017,S060_005_00000021,3,21
411,S060_005_00000018,S060_005_00000021,3,21
412,S060_005_00000019,S060_005_00000021,3,21
413,S060_005_00000020,S060_005_00000021,3,21
414,S060_005_00000021,S060_005_00000021,3,21
415,S061_001_00000008,S061_001_00000012,7,12
416,S061_001_00000009,S061_001_00000012,7,12
417,S061_001_00000010,S061_001_00000012,7,12
418,S061_001_00000011,S061_001_00000012,7,12
419,S061_001_00000012,S061_001_00000012,7,12
420,S061_002_00000011,S061_002_00000015,5,15
421,S061_002_00000012,S061_002_00000015,5,15
422,S061_002_00000013,S061_002_00000015,5,15
423,S061_002_00000014,S061_002_00000015,5,15
424,S061_002_00000015,S061_002_00000015,5,15
425,S061_004_00000018,S061_004_00000022,3,22
426,S061_004_00000019,S061_004_00000022,3,22
427,S061_004_00000020,S061_004_00000022,3,22
428,S061_004_00000021,S061_004_00000022,3,22
429,S061_004_00000022,S061_004_00000022,3,22
430,S062_001_00000013,S062_001_00000017,4,17
431,S062_001_00000014,S062_001_00000017,4,17
432,S062_001_00000015,S062_001_00000017,4,17
433,S062_001_00000016,S062_001_00000017,4,17
434,S062_001_00000017,S062_001_00000017,4,17
435,S062_002_00000012,S062_002_00000016,7,16
436,S062_002_00000013,S062_002_00000016,7,16
437,S062_002_00000014,S062_002_00000016,7,16
438,S062_002_00000015,S062_002_00000016,7,16
439,S062_002_00000016,S062_002_00000016,7,16
440,S062_004_00000020,S062_004_00000024,5,24
441,S062_004_00000021,S062_004_00000024,5,24
442,S062_004_00000022,S062_004_00000024,5,24
443,S062_004_00000023,S062_004_00000024,5,24
444,S062_004_00000024,S062_004_00000024,5,24
445,S062_005_00000025,S062_005_00000029,3,29
446,S062_005_00000026,S062_005_00000029,3,29
447,S062_005_00000027,S062_005_00000029,3,29
448,S062_005_00000028,S062_005_00000029,3,29
449,S062_005_00000029,S062_005_00000029,3,29
450,S063_001_00000009,S063_001_00000013,7,13
451,S063_001_00000010,S063_001_00000013,7,13
452,S063_001_00000011,S063_001_00000013,7,13
453,S063_001_00000012,S063_001_00000013,7,13
454,S063_001_00000013,S063_001_00000013,7,13
455,S063_002_00000019,S063_002_00000023,5,23
456,S063_002_00000020,S063_002_00000023,5,23
457,S063_002_00000021,S063_002_00000023,5,23
458,S063_002_00000022,S063_002_00000023,5,23
459,S063_002_00000023,S063_002_00000023,5,23
460,S064_001_00000008,S064_001_00000012,7,12
461,S064_001_00000009,S064_001_00000012,7,12
462,S064_001_00000010,S064_001_00000012,7,12
463,S064_001_00000011,S064_001_00000012,7,12
464,S064_001_00000012,S064_001_00000012,7,12
465,S064_003_00000021,S064_003_00000025,5,25
466,S064_003_00000022,S064_003_00000025,5,25
467,S064_003_00000023,S064_003_00000025,5,25
468,S064_003_00000024,S064_003_00000025,5,25
469,S064_003_00000025,S064_003_00000025,5,25
470,S064_004_00000010,S064_004_00000014,6,14
471,S064_004_00000011,S064_004_00000014,6,14
472,S064_004_00000012,S064_004_00000014,6,14
473,S064_004_00000013,S064_004_00000014,6,14
474,S064_004_00000014,S064_004_00000014,6,14
475,S065_002_00000018,S065_002_00000022,4,22
476,S065_002_00000019,S065_002_00000022,4,22
477,S065_002_00000020,S065_002_00000022,4,22
478,S065_002_00000021,S065_002_00000022,4,22
479,S065_002_00000022,S065_002_00000022,4,22
480,S065_003_00000018,S065_003_00000022,7,22
481,S065_003_00000019,S065_003_00000022,7,22
482,S065_003_00000020,S065_003_00000022,7,22
483,S065_003_00000021,S065_003_00000022,7,22
484,S065_003_00000022,S065_003_00000022,7,22
485,S065_004_00000024,S065_004_00000028,5,28
486,S065_004_00000025,S065_004_00000028,5,28
487,S065_004_00000026,S065_004_00000028,5,28
488,S065_004_00000027,S065_004_00000028,5,28
489,S065_004_00000028,S065_004_00000028,5,28
490,S065_005_00000004,S065_005_00000008,3,8
491,S065_005_00000005,S065_005_00000008,3,8
492,S065_005_00000006,S065_005_00000008,3,8
493,S065_005_00000007,S065_005_00000008,3,8
494,S065_005_00000008,S065_005_00000008,3,8
495,S066_002_00000018,S066_002_00000022,7,22
496,S066_002_00000019,S066_002_00000022,7,22
497,S066_002_00000020,S066_002_00000022,7,22
498,S066_002_00000021,S066_002_00000022,7,22
499,S066_002_00000022,S066_002_00000022,7,22
500,S066_003_00000008,S066_003_00000012,5,12
501,S066_003_00000009,S066_003_00000012,5,12
502,S066_003_00000010,S066_003_00000012,5,12
503,S066_003_00000011,S066_003_00000012,5,12
504,S066_003_00000012,S066_003_00000012,5,12
505,S066_004_00000006,S066_004_00000010,6,10
506,S066_004_00000007,S066_004_00000010,6,10
507,S066_004_00000008,S066_004_00000010,6,10
508,S066_004_00000009,S066_004_00000010,6,10
509,S066_004_00000010,S066_004_00000010,6,10
510,S066_005_00000007,S066_005_00000011,1,11
511,S066_005_00000008,S066_005_00000011,1,11
512,S066_005_00000009,S066_005_00000011,1,11
513,S066_005_00000010,S066_005_00000011,1,11
514,S066_005_00000011,S066_005_00000011,1,11
515,S067_002_00000010,S067_002_00000014,7,14
516,S067_002_00000011,S067_002_00000014,7,14
517,S067_002_00000012,S067_002_00000014,7,14
518,S067_002_00000013,S067_002_00000014,7,14
519,S067_002_00000014,S067_002_00000014,7,14
520,S067_004_00000019,S067_004_00000023,1,23
521,S067_004_00000020,S067_004_00000023,1,23
522,S067_004_00000021,S067_004_00000023,1,23
523,S067_004_00000022,S067_004_00000023,1,23
524,S067_004_00000023,S067_004_00000023,1,23
525,S067_005_00000018,S067_005_00000022,5,22
526,S067_005_00000019,S067_005_00000022,5,22
527,S067_005_00000020,S067_005_00000022,5,22
528,S067_005_00000021,S067_005_00000022,5,22
529,S067_005_00000022,S067_005_00000022,5,22
530,S067_006_00000007,S067_006_00000011,3,11
531,S067_006_00000008,S067_006_00000011,3,11
532,S067_006_00000009,S067_006_00000011,3,11
533,S067_006_00000010,S067_006_00000011,3,11
534,S067_006_00000011,S067_006_00000011,3,11
535,S068_002_00000011,S068_002_00000015,5,15
536,S068_002_00000012,S068_002_00000015,5,15
537,S068_002_00000013,S068_002_00000015,5,15
538,S068_002_00000014,S068_002_00000015,5,15
539,S068_002_00000015,S068_002_00000015,5,15
540,S068_003_00000010,S068_003_00000014,7,14
541,S068_003_00000011,S068_003_00000014,7,14
542,S068_003_00000012,S068_003_00000014,7,14
543,S068_003_00000013,S068_003_00000014,7,14
544,S068_003_00000014,S068_003_00000014,7,14
545,S068_004_00000006,S068_004_00000010,4,10
546,S068_004_00000007,S068_004_00000010,4,10
547,S068_004_00000008,S068_004_00000010,4,10
548,S068_004_00000009,S068_004_00000010,4,10
549,S068_004_00000010,S068_004_00000010,4,10
550,S068_005_00000017,S068_005_00000021,3,21
551,S068_005_00000018,S068_005_00000021,3,21
552,S068_005_00000019,S068_005_00000021,3,21
553,S068_005_00000020,S068_005_00000021,3,21
554,S068_005_00000021,S068_005_00000021,3,21
555,S069_002_00000010,S069_002_00000014,7,14
556,S069_002_00000011,S069_002_00000014,7,14
557,S069_002_00000012,S069_002_00000014,7,14
558,S069_002_00000013,S069_002_00000014,7,14
559,S069_002_00000014,S069_002_00000014,7,14
560,S069_003_00000007,S069_003_00000011,3,11
561,S069_003_00000008,S069_003_00000011,3,11
562,S069_003_00000009,S069_003_00000011,3,11
563,S069_003_00000010,S069_003_00000011,3,11
564,S069_003_00000011,S069_003_00000011,3,11
565,S069_004_00000013,S069_004_00000017,5,17
566,S069_004_00000014,S069_004_00000017,5,17
567,S069_004_00000015,S069_004_00000017,5,17
568,S069_004_00000016,S069_004_00000017,5,17
569,S069_004_00000017,S069_004_00000017,5,17
570,S070_002_00000012,S070_002_00000016,7,16
571,S070_002_00000013,S070_002_00000016,7,16
572,S070_002_00000014,S070_002_00000016,7,16
573,S070_002_00000015,S070_002_00000016,7,16
574,S070_002_00000016,S070_002_00000016,7,16
575,S070_003_00000013,S070_003_00000017,5,17
576,S070_003_00000014,S070_003_00000017,5,17
577,S070_003_00000015,S070_003_00000017,5,17
578,S070_003_00000016,S070_003_00000017,5,17
579,S070_003_00000017,S070_003_00000017,5,17
580,S070_005_00000012,S070_005_00000016,3,16
581,S070_005_00000013,S070_005_00000016,3,16
582,S070_005_00000014,S070_005_00000016,3,16
583,S070_005_00000015,S070_005_00000016,3,16
584,S070_005_00000016,S070_005_00000016,3,16
585,S071_001_00000009,S071_001_00000013,7,13
586,S071_001_00000010,S071_001_00000013,7,13
587,S071_001_00000011,S071_001_00000013,7,13
588,S071_001_00000012,S071_001_00000013,7,13
589,S071_001_00000013,S071_001_00000013,7,13
590,S071_002_00000016,S071_002_00000020,6,20
591,S071_002_00000017,S071_002_00000020,6,20
592,S071_002_00000018,S071_002_00000020,6,20
593,S071_002_00000019,S071_002_00000020,6,20
594,S071_002_00000020,S071_002_00000020,6,20
595,S071_004_00000024,S071_004_00000028,1,28
596,S071_004_00000025,S071_004_00000028,1,28
597,S071_004_00000026,S071_004_00000028,1,28
598,S071_004_00000027,S071_004_00000028,1,28
599,S071_004_00000028,S071_004_00000028,1,28
600,S071_005_00000017,S071_005_00000021,5,21
601,S071_005_00000018,S071_005_00000021,5,21
602,S071_005_00000019,S071_005_00000021,5,21
603,S071_005_00000020,S071_005_00000021,5,21
604,S071_005_00000021,S071_005_00000021,5,21
605,S071_006_00000010,S071_006_00000014,3,14
606,S071_006_00000011,S071_006_00000014,3,14
607,S071_006_00000012,S071_006_00000014,3,14
608,S071_006_00000013,S071_006_00000014,3,14
609,S071_006_00000014,S071_006_00000014,3,14
610,S072_005_00000015,S072_005_00000019,1,19
611,S072_005_00000016,S072_005_00000019,1,19
612,S072_005_00000017,S072_005_00000019,1,19
613,S072_005_00000018,S072_005_00000019,1,19
614,S072_005_00000019,S072_005_00000019,1,19
615,S072_006_00000018,S072_006_00000022,5,22
616,S072_006_00000019,S072_006_00000022,5,22
617,S072_006_00000020,S072_006_00000022,5,22
618,S072_006_00000021,S072_006_00000022,5,22
619,S072_006_00000022,S072_006_00000022,5,22
620,S073_001_00000009,S073_001_00000013,7,13
621,S073_001_00000010,S073_001_00000013,7,13
622,S073_001_00000011,S073_001_00000013,7,13
623,S073_001_00000012,S073_001_00000013,7,13
624,S073_001_00000013,S073_001_00000013,7,13
625,S073_006_00000010,S073_006_00000014,3,14
626,S073_006_00000011,S073_006_00000014,3,14
627,S073_006_00000012,S073_006_00000014,3,14
628,S073_006_00000013,S073_006_00000014,3,14
629,S073_006_00000014,S073_006_00000014,3,14
630,S074_001_00000016,S074_001_00000020,4,20
631,S074_001_00000017,S074_001_00000020,4,20
632,S074_001_00000018,S074_001_00000020,4,20
633,S074_001_00000019,S074_001_00000020,4,20
634,S074_001_00000020,S074_001_00000020,4,20
635,S074_002_00000012,S074_002_00000016,7,16
636,S074_002_00000013,S074_002_00000016,7,16
637,S074_002_00000014,S074_002_00000016,7,16
638,S074_002_00000015,S074_002_00000016,7,16
639,S074_002_00000016,S074_002_00000016,7,16
640,S074_004_00000014,S074_004_00000018,3,18
641,S074_004_00000015,S074_004_00000018,3,18
642,S074_004_00000016,S074_004_00000018,3,18
643,S074_004_00000017,S074_004_00000018,3,18
644,S074_004_00000018,S074_004_00000018,3,18
645,S074_005_00000039,S074_005_00000043,5,43
646,S074_005_00000040,S074_005_00000043,5,43
647,S074_005_00000041,S074_005_00000043,5,43
648,S074_005_00000042,S074_005_00000043,5,43
649,S074_005_00000043,S074_005_00000043,5,43
650,S075_002_00000010,S075_002_00000014,7,14
651,S075_002_00000011,S075_002_00000014,7,14
652,S075_002_00000012,S075_002_00000014,7,14
653,S075_002_00000013,S075_002_00000014,7,14
654,S075_002_00000014,S075_002_00000014,7,14
655,S075_005_00000008,S075_005_00000012,3,12
656,S075_005_00000009,S075_005_00000012,3,12
657,S075_005_00000010,S075_005_00000012,3,12
658,S075_005_00000011,S075_005_00000012,3,12
659,S075_005_00000012,S075_005_00000012,3,12
660,S075_006_00000021,S075_006_00000025,5,25
661,S075_006_00000022,S075_006_00000025,5,25
662,S075_006_00000023,S075_006_00000025,5,25
663,S075_006_00000024,S075_006_00000025,5,25
664,S075_006_00000025,S075_006_00000025,5,25
665,S075_008_00000008,S075_008_00000012,1,12
666,S075_008_00000009,S075_008_00000012,1,12
667,S075_008_00000010,S075_008_00000012,1,12
668,S075_008_00000011,S075_008_00000012,1,12
669,S075_008_00000012,S075_008_00000012,1,12
670,S076_001_00000013,S076_001_00000017,7,17
671,S076_001_00000014,S076_001_00000017,7,17
672,S076_001_00000015,S076_001_00000017,7,17
673,S076_001_00000016,S076_001_00000017,7,17
674,S076_001_00000017,S076_001_00000017,7,17
675,S076_005_00000008,S076_005_00000012,3,12
676,S076_005_00000009,S076_005_00000012,3,12
677,S076_005_00000010,S076_005_00000012,3,12
678,S076_005_00000011,S076_005_00000012,3,12
679,S076_005_00000012,S076_005_00000012,3,12
680,S076_006_00000015,S076_006_00000019,5,19
681,S076_006_00000016,S076_006_00000019,5,19
682,S076_006_00000017,S076_006_00000019,5,19
683,S076_006_00000018,S076_006_00000019,5,19
684,S076_006_00000019,S076_006_00000019,5,19
685,S077_001_00000024,S077_001_00000028,7,28
686,S077_001_00000025,S077_001_00000028,7,28
687,S077_001_00000026,S077_001_00000028,7,28
688,S077_001_00000027,S077_001_00000028,7,28
689,S077_001_00000028,S077_001_00000028,7,28
690,S077_006_00000010,S077_006_00000014,3,14
691,S077_006_00000011,S077_006_00000014,3,14
692,S077_006_00000012,S077_006_00000014,3,14
693,S077_006_00000013,S077_006_00000014,3,14
694,S077_006_00000014,S077_006_00000014,3,14
695,S078_001_00000029,S078_001_00000033,7,33
696,S078_001_00000030,S078_001_00000033,7,33
697,S078_001_00000031,S078_001_00000033,7,33
698,S078_001_00000032,S078_001_00000033,7,33
699,S078_001_00000033,S078_001_00000033,7,33
700,S078_004_00000023,S078_004_00000027,5,27
701,S078_004_00000024,S078_004_00000027,5,27
702,S078_004_00000025,S078_004_00000027,5,27
703,S078_004_00000026,S078_004_00000027,5,27
704,S078_004_00000027,S078_004_00000027,5,27
705,S078_007_00000009,S078_007_00000013,3,13
706,S078_007_00000010,S078_007_00000013,3,13
707,S078_007_00000011,S078_007_00000013,3,13
708,S078_007_00000012,S078_007_00000013,3,13
709,S078_007_00000013,S078_007_00000013,3,13
710,S079_001_00000008,S079_001_00000012,7,12
711,S079_001_00000009,S079_001_00000012,7,12
712,S079_001_00000010,S079_001_00000012,7,12
713,S079_001_00000011,S079_001_00000012,7,12
714,S079_001_00000012,S079_001_00000012,7,12
715,S079_002_00000008,S079_002_00000012,3,12
716,S079_002_00000009,S079_002_00000012,3,12
717,S079_002_00000010,S079_002_00000012,3,12
718,S079_002_00000011,S079_002_00000012,3,12
719,S079_002_00000012,S079_002_00000012,3,12
720,S079_004_00000022,S079_004_00000026,5,26
721,S079_004_00000023,S079_004_00000026,5,26
722,S079_004_00000024,S079_004_00000026,5,26
723,S079_004_00000025,S079_004_00000026,5,26
724,S079_004_00000026,S079_004_00000026,5,26
725,S080_001_00000014,S080_001_00000018,7,18
726,S080_001_00000015,S080_001_00000018,7,18
727,S080_001_00000016,S080_001_00000018,7,18
728,S080_001_00000017,S080_001_00000018,7,18
729,S080_001_00000018,S080_001_00000018,7,18
730,S080_005_00000009,S080_005_00000013,6,13
731,S080_005_00000010,S080_005_00000013,6,13
732,S080_005_00000011,S080_005_00000013,6,13
733,S080_005_00000012,S080_005_00000013,6,13
734,S080_005_00000013,S080_005_00000013,6,13
735,S080_008_00000005,S080_008_00000009,3,9
736,S080_008_00000006,S080_008_00000009,3,9
737,S080_008_00000007,S080_008_00000009,3,9
738,S080_008_00000008,S080_008_00000009,3,9
739,S080_008_00000009,S080_008_00000009,3,9
740,S081_001_00000015,S081_001_00000019,7,19
741,S081_001_00000016,S081_001_00000019,7,19
742,S081_001_00000017,S081_001_00000019,7,19
743,S081_001_00000018,S081_001_00000019,7,19
744,S081_001_00000019,S081_001_00000019,7,19
745,S081_002_00000020,S081_002_00000024,6,24
746,S081_002_00000021,S081_002_00000024,6,24
747,S081_002_00000022,S081_002_00000024,6,24
748,S081_002_00000023,S081_002_00000024,6,24
749,S081_002_00000024,S081_002_00000024,6,24
750,S081_008_00000007,S081_008_00000011,3,11
751,S081_008_00000008,S081_008_00000011,3,11
752,S081_008_00000009,S081_008_00000011,3,11
753,S081_008_00000010,S081_008_00000011,3,11
754,S081_008_00000011,S081_008_00000011,3,11
755,S082_001_00000011,S082_001_00000015,7,15
756,S082_001_00000012,S082_001_00000015,7,15
757,S082_001_00000013,S082_001_00000015,7,15
758,S082_001_00000014,S082_001_00000015,7,15
759,S082_001_00000015,S082_001_00000015,7,15
760,S082_005_00000013,S082_005_00000017,1,17
761,S082_005_00000014,S082_005_00000017,1,17
762,S082_005_00000015,S082_005_00000017,1,17
763,S082_005_00000016,S082_005_00000017,1,17
764,S082_005_00000017,S082_005_00000017,1,17
765,S082_007_00000006,S082_007_00000010,3,10
766,S082_007_00000007,S082_007_00000010,3,10
767,S082_007_00000008,S082_007_00000010,3,10
768,S082_007_00000009,S082_007_00000010,3,10
769,S082_007_00000010,S082_007_00000010,3,10
770,S083_003_00000015,S083_003_00000019,5,19
771,S083_003_00000016,S083_003_00000019,5,19
772,S083_003_00000017,S083_003_00000019,5,19
773,S083_003_00000018,S083_003_00000019,5,19
774,S083_003_00000019,S083_003_00000019,5,19
775,S084_001_00000006,S084_001_00000010,7,10
776,S084_001_00000007,S084_001_00000010,7,10
777,S084_001_00000008,S084_001_00000010,7,10
778,S084_001_00000009,S084_001_00000010,7,10
779,S084_001_00000010,S084_001_00000010,7,10
780,S084_002_00000019,S084_002_00000023,4,23
781,S084_002_00000020,S084_002_00000023,4,23
782,S084_002_00000021,S084_002_00000023,4,23
783,S084_002_00000022,S084_002_00000023,4,23
784,S084_002_00000023,S084_002_00000023,4,23
785,S085_002_00000010,S085_002_00000014,5,14
786,S085_002_00000011,S085_002_00000014,5,14
787,S085_002_00000012,S085_002_00000014,5,14
788,S085_002_00000013,S085_002_00000014,5,14
789,S085_002_00000014,S085_002_00000014,5,14
790,S085_003_00000009,S085_003_00000013,7,13
791,S085_003_00000010,S085_003_00000013,7,13
792,S085_003_00000011,S085_003_00000013,7,13
793,S085_003_00000012,S085_003_00000013,7,13
794,S085_003_00000013,S085_003_00000013,7,13
795,S085_004_00000013,S085_004_00000017,3,17
796,S085_004_00000014,S085_004_00000017,3,17
797,S085_004_00000015,S085_004_00000017,3,17
798,S085_004_00000016,S085_004_00000017,3,17
799,S085_004_00000017,S085_004_00000017,3,17
800,S086_001_00000015,S086_001_00000019,7,19
801,S086_001_00000016,S086_001_00000019,7,19
802,S086_001_00000017,S086_001_00000019,7,19
803,S086_001_00000018,S086_001_00000019,7,19
804,S086_001_00000019,S086_001_00000019,7,19
805,S086_002_00000011,S086_002_00000015,5,15
806,S086_002_00000012,S086_002_00000015,5,15
807,S086_002_00000013,S086_002_00000015,5,15
808,S086_002_00000014,S086_002_00000015,5,15
809,S086_002_00000015,S086_002_00000015,5,15
810,S087_001_00000007,S087_001_00000011,7,11
811,S087_001_00000008,S087_001_00000011,7,11
812,S087_001_00000009,S087_001_00000011,7,11
813,S087_001_00000010,S087_001_00000011,7,11
814,S087_001_00000011,S087_001_00000011,7,11
815,S087_004_00000008,S087_004_00000012,3,12
816,S087_004_00000009,S087_004_00000012,3,12
817,S087_004_00000010,S087_004_00000012,3,12
818,S087_004_00000011,S087_004_00000012,3,12
819,S087_004_00000012,S087_004_00000012,3,12
820,S087_005_00000008,S087_005_00000012,5,12
821,S087_005_00000009,S087_005_00000012,5,12
822,S087_005_00000010,S087_005_00000012,5,12
823,S087_005_00000011,S087_005_00000012,5,12
824,S087_005_00000012,S087_005_00000012,5,12
825,S087_007_00000012,S087_007_00000016,1,16
826,S087_007_00000013,S087_007_00000016,1,16
827,S087_007_00000014,S087_007_00000016,1,16
828,S087_007_00000015,S087_007_00000016,1,16
829,S087_007_00000016,S087_007_00000016,1,16
830,S088_001_00000013,S088_001_00000017,7,17
831,S088_001_00000014,S088_001_00000017,7,17
832,S088_001_00000015,S088_001_00000017,7,17
833,S088_001_00000016,S088_001_00000017,7,17
834,S088_001_00000017,S088_001_00000017,7,17
835,S088_004_00000016,S088_004_00000020,3,20
836,S088_004_00000017,S088_004_00000020,3,20
837,S088_004_00000018,S088_004_00000020,3,20
838,S088_004_00000019,S088_004_00000020,3,20
839,S088_004_00000020,S088_004_00000020,3,20
840,S089_001_00000012,S089_001_00000016,7,16
841,S089_001_00000013,S089_001_00000016,7,16
842,S089_001_00000014,S089_001_00000016,7,16
843,S089_001_00000015,S089_001_00000016,7,16
844,S089_001_00000016,S089_001_00000016,7,16
845,S089_002_00000017,S089_002_00000021,5,21
846,S089_002_00000018,S089_002_00000021,5,21
847,S089_002_00000019,S089_002_00000021,5,21
848,S089_002_00000020,S089_002_00000021,5,21
849,S089_002_00000021,S089_002_00000021,5,21
850,S089_003_00000032,S089_003_00000036,1,36
851,S089_003_00000033,S089_003_00000036,1,36
852,S089_003_00000034,S089_003_00000036,1,36
853,S089_003_00000035,S089_003_00000036,1,36
854,S089_003_00000036,S089_003_00000036,1,36
855,S090_002_00000007,S090_002_00000011,7,11
856,S090_002_00000008,S090_002_00000011,7,11
857,S090_002_00000009,S090_002_00000011,7,11
858,S090_002_00000010,S090_002_00000011,7,11
859,S090_002_00000011,S090_002_00000011,7,11
860,S090_006_00000007,S090_006_00000011,3,11
861,S090_006_00000008,S090_006_00000011,3,11
862,S090_006_00000009,S090_006_00000011,3,11
863,S090_006_00000010,S090_006_00000011,3,11
864,S090_006_00000011,S090_006_00000011,3,11
865,S090_007_00000010,S090_007_00000014,1,14
866,S090_007_00000011,S090_007_00000014,1,14
867,S090_007_00000012,S090_007_00000014,1,14
868,S090_007_00000013,S090_007_00000014,1,14
869,S090_007_00000014,S090_007_00000014,1,14
870,S091_001_00000011,S091_001_00000015,4,15
871,S091_001_00000012,S091_001_00000015,4,15
872,S091_001_00000013,S091_001_00000015,4,15
873,S091_001_00000014,S091_001_00000015,4,15
874,S091_001_00000015,S091_001_00000015,4,15
875,S091_003_00000017,S091_003_00000021,5,21
876,S091_003_00000018,S091_003_00000021,5,21
877,S091_003_00000019,S091_003_00000021,5,21
878,S091_003_00000020,S091_003_00000021,5,21
879,S091_003_00000021,S091_003_00000021,5,21
880,S092_001_00000013,S092_001_00000017,7,17
881,S092_001_00000014,S092_001_00000017,7,17
882,S092_001_00000015,S092_001_00000017,7,17
883,S092_001_00000016,S092_001_00000017,7,17
884,S092_001_00000017,S092_001_00000017,7,17
885,S092_003_00000010,S092_003_00000014,1,14
886,S092_003_00000011,S092_003_00000014,1,14
887,S092_003_00000012,S092_003_00000014,1,14
888,S092_003_00000013,S092_003_00000014,1,14
889,S092_003_00000014,S092_003_00000014,1,14
890,S092_004_00000020,S092_004_00000024,5,24
891,S092_004_00000021,S092_004_00000024,5,24
892,S092_004_00000022,S092_004_00000024,5,24
893,S092_004_00000023,S092_004_00000024,5,24
894,S092_004_00000024,S092_004_00000024,5,24
895,S093_001_00000016,S093_001_00000020,6,20
896,S093_001_00000017,S093_001_00000020,6,20
897,S093_001_00000018,S093_001_00000020,6,20
898,S093_001_00000019,S093_001_00000020,6,20
899,S093_001_00000020,S093_001_00000020,6,20
900,S093_004_00000012,S093_004_00000016,5,16
901,S093_004_00000013,S093_004_00000016,5,16
902,S093_004_00000014,S093_004_00000016,5,16
903,S093_004_00000015,S093_004_00000016,5,16
904,S093_004_00000016,S093_004_00000016,5,16
905,S094_001_00000006,S094_001_00000010,7,10
906,S094_001_00000007,S094_001_00000010,7,10
907,S094_001_00000008,S094_001_00000010,7,10
908,S094_001_00000009,S094_001_00000010,7,10
909,S094_001_00000010,S094_001_00000010,7,10
910,S094_004_00000008,S094_004_00000012,5,12
911,S094_004_00000009,S094_004_00000012,5,12
912,S094_004_00000010,S094_004_00000012,5,12
913,S094_004_00000011,S094_004_00000012,5,12
914,S094_004_00000012,S094_004_00000012,5,12
915,S095_001_00000012,S095_001_00000016,7,16
916,S095_001_00000013,S095_001_00000016,7,16
917,S095_001_00000014,S095_001_00000016,7,16
918,S095_001_00000015,S095_001_00000016,7,16
919,S095_001_00000016,S095_001_00000016,7,16
920,S095_006_00000009,S095_006_00000013,3,13
921,S095_006_00000010,S095_006_00000013,3,13
922,S095_006_00000011,S095_006_00000013,3,13
923,S095_006_00000012,S095_006_00000013,3,13
924,S095_006_00000013,S095_006_00000013,3,13
925,S095_007_00000017,S095_007_00000021,5,21
926,S095_007_00000018,S095_007_00000021,5,21
927,S095_007_00000019,S095_007_00000021,5,21
928,S095_007_00000020,S095_007_00000021,5,21
929,S095_007_00000021,S095_007_00000021,5,21
930,S095_010_00000010,S095_010_00000014,6,14
931,S095_010_00000011,S095_010_00000014,6,14
932,S095_010_00000012,S095_010_00000014,6,14
933,S095_010_00000013,S095_010_00000014,6,14
934,S095_010_00000014,S095_010_00000014,6,14
935,S096_001_00000003,S096_001_00000007,7,7
936,S096_001_00000004,S096_001_00000007,7,7
937,S096_001_00000005,S096_001_00000007,7,7
938,S096_001_00000006,S096_001_00000007,7,7
939,S096_001_00000007,S096_001_00000007,7,7
940,S096_003_00000008,S096_003_00000012,3,12
941,S096_003_00000009,S096_003_00000012,3,12
942,S096_003_00000010,S096_003_00000012,3,12
943,S096_003_00000011,S096_003_00000012,3,12
944,S096_003_00000012,S096_003_00000012,3,12
945,S096_004_00000007,S096_004_00000011,5,11
946,S096_004_00000008,S096_004_00000011,5,11
947,S096_004_00000009,S096_004_00000011,5,11
948,S096_004_00000010,S096_004_00000011,5,11
949,S096_004_00000011,S096_004_00000011,5,11
950,S097_001_00000017,S097_001_00000021,7,21
951,S097_001_00000018,S097_001_00000021,7,21
952,S097_001_00000019,S097_001_00000021,7,21
953,S097_001_00000020,S097_001_00000021,7,21
954,S097_001_00000021,S097_001_00000021,7,21
955,S097_004_00000026,S097_004_00000030,3,30
956,S097_004_00000027,S097_004_00000030,3,30
957,S097_004_00000028,S097_004_00000030,3,30
958,S097_004_00000029,S097_004_00000030,3,30
959,S097_004_00000030,S097_004_00000030,3,30
960,S097_006_00000015,S097_006_00000019,5,19
961,S097_006_00000016,S097_006_00000019,5,19
962,S097_006_00000017,S097_006_00000019,5,19
963,S097_006_00000018,S097_006_00000019,5,19
964,S097_006_00000019,S097_006_00000019,5,19
965,S098_003_00000009,S098_003_00000013,3,13
966,S098_003_00000010,S098_003_00000013,3,13
967,S098_003_00000011,S098_003_00000013,3,13
968,S098_003_00000012,S098_003_00000013,3,13
969,S098_003_00000013,S098_003_00000013,3,13
970,S098_004_00000011,S098_004_00000015,5,15
971,S098_004_00000012,S098_004_00000015,5,15
972,S098_004_00000013,S098_004_00000015,5,15
973,S098_004_00000014,S098_004_00000015,5,15
974,S098_004_00000015,S098_004_00000015,5,15
975,S099_001_00000010,S099_001_00000014,7,14
976,S099_001_00000011,S099_001_00000014,7,14
977,S099_001_00000012,S099_001_00000014,7,14
978,S099_001_00000013,S099_001_00000014,7,14
979,S099_001_00000014,S099_001_00000014,7,14
980,S099_004_00000011,S099_004_00000015,5,15
981,S099_004_00000012,S099_004_00000015,5,15
982,S099_004_00000013,S099_004_00000015,5,15
983,S099_004_00000014,S099_004_00000015,5,15
984,S099_004_00000015,S099_004_00000015,5,15
985,S099_007_00000008,S099_007_00000012,3,12
986,S099_007_00000009,S099_007_00000012,3,12
987,S099_007_00000010,S099_007_00000012,3,12
988,S099_007_00000011,S099_007_00000012,3,12
989,S099_007_00000012,S099_007_00000012,3,12
990,S100_002_00000011,S100_002_00000015,7,15
991,S100_002_00000012,S100_002_00000015,7,15
992,S100_002_00000013,S100_002_00000015,7,15
993,S100_002_00000014,S100_002_00000015,7,15
994,S100_002_00000015,S100_002_00000015,7,15
995,S100_005_00000019,S100_005_00000023,1,23
996,S100_005_00000020,S100_005_00000023,1,23
997,S100_005_00000021,S100_005_00000023,1,23
998,S100_005_00000022,S100_005_00000023,1,23
999,S100_005_00000023,S100_005_00000023,1,23
1000,S100_006_00000012,S100_006_00000016,5,16
1001,S100_006_00000013,S100_006_00000016,5,16
1002,S100_006_00000014,S100_006_00000016,5,16
1003,S100_006_00000015,S100_006_00000016,5,16
1004,S100_006_00000016,S100_006_00000016,5,16
1005,S101_002_00000015,S101_002_00000019,7,19
1006,S101_002_00000016,S101_002_00000019,7,19
1007,S101_002_00000017,S101_002_00000019,7,19
1008,S101_002_00000018,S101_002_00000019,7,19
1009,S101_002_00000019,S101_002_00000019,7,19
1010,S102_002_00000014,S102_002_00000018,7,18
1011,S102_002_00000015,S102_002_00000018,7,18
1012,S102_002_00000016,S102_002_00000018,7,18
1013,S102_002_00000017,S102_002_00000018,7,18
1014,S102_002_00000018,S102_002_00000018,7,18
1015,S102_003_00000012,S102_003_00000016,4,16
1016,S102_003_00000013,S102_003_00000016,4,16
1017,S102_003_00000014,S102_003_00000016,4,16
1018,S102_003_00000015,S102_003_00000016,4,16
1019,S102_003_00000016,S102_003_00000016,4,16
1020,S102_009_00000011,S102_009_00000015,3,15
1021,S102_009_00000012,S102_009_00000015,3,15
1022,S102_009_00000013,S102_009_00000015,3,15
1023,S102_009_00000014,S102_009_00000015,3,15
1024,S102_009_00000015,S102_009_00000015,3,15
1025,S105_008_00000006,S105_008_00000010,3,10
1026,S105_008_00000007,S105_008_00000010,3,10
1027,S105_008_00000008,S105_008_00000010,3,10
1028,S105_008_00000009,S105_008_00000010,3,10
1029,S105_008_00000010,S105_008_00000010,3,10
1030,S106_002_00000012,S106_002_00000016,6,16
1031,S106_002_00000013,S106_002_00000016,6,16
1032,S106_002_00000014,S106_002_00000016,6,16
1033,S106_002_00000015,S106_002_00000016,6,16
1034,S106_002_00000016,S106_002_00000016,6,16
1035,S106_004_00000004,S106_004_00000008,3,8
1036,S106_004_00000005,S106_004_00000008,3,8
1037,S106_004_00000006,S106_004_00000008,3,8
1038,S106_004_00000007,S106_004_00000008,3,8
1039,S106_004_00000008,S106_004_00000008,3,8
1040,S106_006_00000007,S106_006_00000011,5,11
1041,S106_006_00000008,S106_006_00000011,5,11
1042,S106_006_00000009,S106_006_00000011,5,11
1043,S106_006_00000010,S106_006_00000011,5,11
1044,S106_006_00000011,S106_006_00000011,5,11
1045,S107_001_00000006,S107_001_00000010,7,10
1046,S107_001_00000007,S107_001_00000010,7,10
1047,S107_001_00000008,S107_001_00000010,7,10
1048,S107_001_00000009,S107_001_00000010,7,10
1049,S107_001_00000010,S107_001_00000010,7,10
1050,S107_005_00000007,S107_005_00000011,3,11
1051,S107_005_00000008,S107_005_00000011,3,11
1052,S107_005_00000009,S107_005_00000011,3,11
1053,S107_005_00000010,S107_005_00000011,3,11
1054,S107_005_00000011,S107_005_00000011,3,11
1055,S108_005_00000018,S108_005_00000022,6,22
1056,S108_005_00000019,S108_005_00000022,6,22
1057,S108_005_00000020,S108_005_00000022,6,22
1058,S108_005_00000021,S108_005_00000022,6,22
1059,S108_005_00000022,S108_005_00000022,6,22
1060,S108_006_00000016,S108_006_00000020,3,20
1061,S108_006_00000017,S108_006_00000020,3,20
1062,S108_006_00000018,S108_006_00000020,3,20
1063,S108_006_00000019,S108_006_00000020,3,20
1064,S108_006_00000020,S108_006_00000020,3,20
1065,S108_008_00000009,S108_008_00000013,5,13
1066,S108_008_00000010,S108_008_00000013,5,13
1067,S108_008_00000011,S108_008_00000013,5,13
1068,S108_008_00000012,S108_008_00000013,5,13
1069,S108_008_00000013,S108_008_00000013,5,13
1070,S109_003_00000013,S109_003_00000017,1,17
1071,S109_003_00000014,S109_003_00000017,1,17
1072,S109_003_00000015,S109_003_00000017,1,17
1073,S109_003_00000016,S109_003_00000017,1,17
1074,S109_003_00000017,S109_003_00000017,1,17
1075,S109_005_00000010,S109_005_00000014,3,14
1076,S109_005_00000011,S109_005_00000014,3,14
1077,S109_005_00000012,S109_005_00000014,3,14
1078,S109_005_00000013,S109_005_00000014,3,14
1079,S109_005_00000014,S109_005_00000014,3,14
1080,S109_006_00000011,S109_006_00000015,5,15
1081,S109_006_00000012,S109_006_00000015,5,15
1082,S109_006_00000013,S109_006_00000015,5,15
1083,S109_006_00000014,S109_006_00000015,5,15
1084,S109_006_00000015,S109_006_00000015,5,15
1085,S110_001_00000009,S110_001_00000013,7,13
1086,S110_001_00000010,S110_001_00000013,7,13
1087,S110_001_00000011,S110_001_00000013,7,13
1088,S110_001_00000012,S110_001_00000013,7,13
1089,S110_001_00000013,S110_001_00000013,7,13
1090,S111_001_00000010,S111_001_00000014,7,14
1091,S111_001_00000011,S111_001_00000014,7,14
1092,S111_001_00000012,S111_001_00000014,7,14
1093,S111_001_00000013,S111_001_00000014,7,14
1094,S111_001_00000014,S111_001_00000014,7,14
1095,S111_006_00000006,S111_006_00000010,1,10
1096,S111_006_00000007,S111_006_00000010,1,10
1097,S111_006_00000008,S111_006_00000010,1,10
1098,S111_006_00000009,S111_006_00000010,1,10
1099,S111_006_00000010,S111_006_00000010,1,10
1100,S111_007_00000010,S111_007_00000014,3,14
1101,S111_007_00000011,S111_007_00000014,3,14
1102,S111_007_00000012,S111_007_00000014,3,14
1103,S111_007_00000013,S111_007_00000014,3,14
1104,S111_007_00000014,S111_007_00000014,3,14
1105,S112_005_00000013,S112_005_00000017,1,17
1106,S112_005_00000014,S112_005_00000017,1,17
1107,S112_005_00000015,S112_005_00000017,1,17
1108,S112_005_00000016,S112_005_00000017,1,17
1109,S112_005_00000017,S112_005_00000017,1,17
1110,S113_001_00000008,S113_001_00000012,7,12
1111,S113_001_00000009,S113_001_00000012,7,12
1112,S113_001_00000010,S113_001_00000012,7,12
1113,S113_001_00000011,S113_001_00000012,7,12
1114,S113_001_00000012,S113_001_00000012,7,12
1115,S113_003_00000011,S113_003_00000015,6,15
1116,S113_003_00000012,S113_003_00000015,6,15
1117,S113_003_00000013,S113_003_00000015,6,15
1118,S113_003_00000014,S113_003_00000015,6,15
1119,S113_003_00000015,S113_003_00000015,6,15
1120,S113_008_00000019,S113_008_00000023,1,23
1121,S113_008_00000020,S113_008_00000023,1,23
1122,S113_008_00000021,S113_008_00000023,1,23
1123,S113_008_00000022,S113_008_00000023,1,23
1124,S113_008_00000023,S113_008_00000023,1,23
1125,S114_001_00000014,S114_001_00000018,7,18
1126,S114_001_00000015,S114_001_00000018,7,18
1127,S114_001_00000016,S114_001_00000018,7,18
1128,S114_001_00000017,S114_001_00000018,7,18
1129,S114_001_00000018,S114_001_00000018,7,18
1130,S114_006_00000019,S114_006_00000023,5,23
1131,S114_006_00000020,S114_006_00000023,5,23
1132,S114_006_00000021,S114_006_00000023,5,23
1133,S114_006_00000022,S114_006_00000023,5,23
1134,S114_006_00000023,S114_006_00000023,5,23
1135,S115_001_00000004,S115_001_00000008,7,8
1136,S115_001_00000005,S115_001_00000008,7,8
1137,S115_001_00000006,S115_001_00000008,7,8
1138,S115_001_00000007,S115_001_00000008,7,8
1139,S115_001_00000008,S115_001_00000008,7,8
1140,S115_004_00000013,S115_004_00000017,6,17
1141,S115_004_00000014,S115_004_00000017,6,17
1142,S115_004_00000015,S115_004_00000017,6,17
1143,S115_004_00000016,S115_004_00000017,6,17
1144,S115_004_00000017,S115_004_00000017,6,17
1145,S115_008_00000013,S115_008_00000017,5,17
1146,S115_008_00000014,S115_008_00000017,5,17
1147,S115_008_00000015,S115_008_00000017,5,17
1148,S115_008_00000016,S115_008_00000017,5,17
1149,S115_008_00000017,S115_008_00000017,5,17
1150,S116_001_00000010,S116_001_00000014,7,14
1151,S116_001_00000011,S116_001_00000014,7,14
1152,S116_001_00000012,S116_001_00000014,7,14
1153,S116_001_00000013,S116_001_00000014,7,14
1154,S116_001_00000014,S116_001_00000014,7,14
1155,S116_006_00000003,S116_006_00000007,3,7
1156,S116_006_00000004,S116_006_00000007,3,7
1157,S116_006_00000005,S116_006_00000007,3,7
1158,S116_006_00000006,S116_006_00000007,3,7
1159,S116_006_00000007,S116_006_00000007,3,7
1160,S116_007_00000013,S116_007_00000017,5,17
1161,S116_007_00000014,S116_007_00000017,5,17
1162,S116_007_00000015,S116_007_00000017,5,17
1163,S116_007_00000016,S116_007_00000017,5,17
1164,S116_007_00000017,S116_007_00000017,5,17
1165,S117_001_00000010,S117_001_00000014,7,14
1166,S117_001_00000011,S117_001_00000014,7,14
1167,S117_001_00000012,S117_001_00000014,7,14
1168,S117_001_00000013,S117_001_00000014,7,14
1169,S117_001_00000014,S117_001_00000014,7,14
1170,S117_003_00000010,S117_003_00000014,4,14
1171,S117_003_00000011,S117_003_00000014,4,14
1172,S117_003_00000012,S117_003_00000014,4,14
1173,S117_003_00000013,S117_003_00000014,4,14
1174,S117_003_00000014,S117_003_00000014,4,14
1175,S117_006_00000006,S117_006_00000010,1,10
1176,S117_006_00000007,S117_006_00000010,1,10
1177,S117_006_00000008,S117_006_00000010,1,10
1178,S117_006_00000009,S117_006_00000010,1,10
1179,S117_006_00000010,S117_006_00000010,1,10
1180,S119_001_00000007,S119_001_00000011,7,11
1181,S119_001_00000008,S119_001_00000011,7,11
1182,S119_001_00000009,S119_001_00000011,7,11
1183,S119_001_00000010,S119_001_00000011,7,11
1184,S119_001_00000011,S119_001_00000011,7,11
1185,S119_003_00000020,S119_003_00000024,4,24
1186,S119_003_00000021,S119_003_00000024,4,24
1187,S119_003_00000022,S119_003_00000024,4,24
1188,S119_003_00000023,S119_003_00000024,4,24
1189,S119_003_00000024,S119_003_00000024,4,24
1190,S119_008_00000014,S119_008_00000018,1,18
1191,S119_008_00000015,S119_008_00000018,1,18
1192,S119_008_00000016,S119_008_00000018,1,18
1193,S119_008_00000017,S119_008_00000018,1,18
1194,S119_008_00000018,S119_008_00000018,1,18
1195,S122_001_00000008,S122_001_00000012,7,12
1196,S122_001_00000009,S122_001_00000012,7,12
1197,S122_001_00000010,S122_001_00000012,7,12
1198,S122_001_00000011,S122_001_00000012,7,12
1199,S122_001_00000012,S122_001_00000012,7,12
1200,S124_001_00000010,S124_001_00000014,7,14
1201,S124_001_00000011,S124_001_00000014,7,14
1202,S124_001_00000012,S124_001_00000014,7,14
1203,S124_001_00000013,S124_001_00000014,7,14
1204,S124_001_00000014,S124_001_00000014,7,14
1205,S124_003_00000007,S124_003_00000011,4,11
1206,S124_003_00000008,S124_003_00000011,4,11
1207,S124_003_00000009,S124_003_00000011,4,11
1208,S124_003_00000010,S124_003_00000011,4,11
1209,S124_003_00000011,S124_003_00000011,4,11
1210,S124_006_00000007,S124_006_00000011,3,11
1211,S124_006_00000008,S124_006_00000011,3,11
1212,S124_006_00000009,S124_006_00000011,3,11
1213,S124_006_00000010,S124_006_00000011,3,11
1214,S124_006_00000011,S124_006_00000011,3,11
1215,S124_007_00000020,S124_007_00000024,5,24
1216,S124_007_00000021,S124_007_00000024,5,24
1217,S124_007_00000022,S124_007_00000024,5,24
1218,S124_007_00000023,S124_007_00000024,5,24
1219,S124_007_00000024,S124_007_00000024,5,24
1220,S125_001_00000010,S125_001_00000014,6,14
1221,S125_001_00000011,S125_001_00000014,6,14
1222,S125_001_00000012,S125_001_00000014,6,14
1223,S125_001_00000013,S125_001_00000014,6,14
1224,S125_001_00000014,S125_001_00000014,6,14
1225,S125_005_00000009,S125_005_00000013,5,13
1226,S125_005_00000010,S125_005_00000013,5,13
1227,S125_005_00000011,S125_005_00000013,5,13
1228,S125_005_00000012,S125_005_00000013,5,13
1229,S125_005_00000013,S125_005_00000013,5,13
1230,S125_006_00000018,S125_006_00000022,4,22
1231,S125_006_00000019,S125_006_00000022,4,22
1232,S125_006_00000020,S125_006_00000022,4,22
1233,S125_006_00000021,S125_006_00000022,4,22
1234,S125_006_00000022,S125_006_00000022,4,22
1235,S125_007_00000005,S125_007_00000009,7,9
1236,S125_007_00000006,S125_007_00000009,7,9
1237,S125_007_00000007,S125_007_00000009,7,9
1238,S125_007_00000008,S125_007_00000009,7,9
1239,S125_007_00000009,S125_007_00000009,7,9
1240,S125_008_00000006,S125_008_00000010,3,10
1241,S125_008_00000007,S125_008_00000010,3,10
1242,S125_008_00000008,S125_008_00000010,3,10
1243,S125_008_00000009,S125_008_00000010,3,10
1244,S125_008_00000010,S125_008_00000010,3,10
1245,S126_004_00000008,S126_004_00000012,7,12
1246,S126_004_00000009,S126_004_00000012,7,12
1247,S126_004_00000010,S126_004_00000012,7,12
1248,S126_004_00000011,S126_004_00000012,7,12
1249,S126_004_00000012,S126_004_00000012,7,12
1250,S126_008_00000025,S126_008_00000029,1,29
1251,S126_008_00000026,S126_008_00000029,1,29
1252,S126_008_00000027,S126_008_00000029,1,29
1253,S126_008_00000028,S126_008_00000029,1,29
1254,S126_008_00000029,S126_008_00000029,1,29
1255,S127_001_00000013,S127_001_00000017,7,17
1256,S127_001_00000014,S127_001_00000017,7,17
1257,S127_001_00000015,S127_001_00000017,7,17
1258,S127_001_00000016,S127_001_00000017,7,17
1259,S127_001_00000017,S127_001_00000017,7,17
1260,S127_004_00000012,S127_004_00000016,5,16
1261,S127_004_00000013,S127_004_00000016,5,16
1262,S127_004_00000014,S127_004_00000016,5,16
1263,S127_004_00000015,S127_004_00000016,5,16
1264,S127_004_00000016,S127_004_00000016,5,16
1265,S127_010_00000014,S127_010_00000018,1,18
1266,S127_010_00000015,S127_010_00000018,1,18
1267,S127_010_00000016,S127_010_00000018,1,18
1268,S127_010_00000017,S127_010_00000018,1,18
1269,S127_010_00000018,S127_010_00000018,1,18
1270,S128_004_00000009,S128_004_00000013,3,13
1271,S128_004_00000010,S128_004_00000013,3,13
1272,S128_004_00000011,S128_004_00000013,3,13
1273,S128_004_00000012,S128_004_00000013,3,13
1274,S128_004_00000013,S128_004_00000013,3,13
1275,S128_011_00000012,S128_011_00000016,5,16
1276,S128_011_00000013,S128_011_00000016,5,16
1277,S128_011_00000014,S128_011_00000016,5,16
1278,S128_011_00000015,S128_011_00000016,5,16
1279,S128_011_00000016,S128_011_00000016,5,16
1280,S129_002_00000007,S129_002_00000011,7,11
1281,S129_002_00000008,S129_002_00000011,7,11
1282,S129_002_00000009,S129_002_00000011,7,11
1283,S129_002_00000010,S129_002_00000011,7,11
1284,S129_002_00000011,S129_002_00000011,7,11
1285,S129_006_00000006,S129_006_00000010,1,10
1286,S129_006_00000007,S129_006_00000010,1,10
1287,S129_006_00000008,S129_006_00000010,1,10
1288,S129_006_00000009,S129_006_00000010,1,10
1289,S129_006_00000010,S129_006_00000010,1,10
1290,S129_011_00000014,S129_011_00000018,3,18
1291,S129_011_00000015,S129_011_00000018,3,18
1292,S129_011_00000016,S129_011_00000018,3,18
1293,S129_011_00000017,S129_011_00000018,3,18
1294,S129_011_00000018,S129_011_00000018,3,18
1295,S129_012_00000007,S129_012_00000011,5,11
1296,S129_012_00000008,S129_012_00000011,5,11
1297,S129_012_00000009,S129_012_00000011,5,11
1298,S129_012_00000010,S129_012_00000011,5,11
1299,S129_012_00000011,S129_012_00000011,5,11
1300,S130_001_00000014,S130_001_00000018,7,18
1301,S130_001_00000015,S130_001_00000018,7,18
1302,S130_001_00000016,S130_001_00000018,7,18
1303,S130_001_00000017,S130_001_00000018,7,18
1304,S130_001_00000018,S130_001_00000018,7,18
1305,S130_007_00000016,S130_007_00000020,1,20
1306,S130_007_00000017,S130_007_00000020,1,20
1307,S130_007_00000018,S130_007_00000020,1,20
1308,S130_007_00000019,S130_007_00000020,1,20
1309,S130_007_00000020,S130_007_00000020,1,20
1310,S130_009_00000015,S130_009_00000019,6,19
1311,S130_009_00000016,S130_009_00000019,6,19
1312,S130_009_00000017,S130_009_00000019,6,19
1313,S130_009_00000018,S130_009_00000019,6,19
1314,S130_009_00000019,S130_009_00000019,6,19
1315,S130_012_00000007,S130_012_00000011,3,11
1316,S130_012_00000008,S130_012_00000011,3,11
1317,S130_012_00000009,S130_012_00000011,3,11
1318,S130_012_00000010,S130_012_00000011,3,11
1319,S130_012_00000011,S130_012_00000011,3,11
1320,S130_013_00000011,S130_013_00000015,5,15
1321,S130_013_00000012,S130_013_00000015,5,15
1322,S130_013_00000013,S130_013_00000015,5,15
1323,S130_013_00000014,S130_013_00000015,5,15
1324,S130_013_00000015,S130_013_00000015,5,15
1325,S131_001_00000012,S131_001_00000016,7,16
1326,S131_001_00000013,S131_001_00000016,7,16
1327,S131_001_00000014,S131_001_00000016,7,16
1328,S131_001_00000015,S131_001_00000016,7,16
1329,S131_001_00000016,S131_001_00000016,7,16
1330,S131_003_00000020,S131_003_00000024,6,24
1331,S131_003_00000021,S131_003_00000024,6,24
1332,S131_003_00000022,S131_003_00000024,6,24
1333,S131_003_00000023,S131_003_00000024,6,24
1334,S131_003_00000024,S131_003_00000024,6,24
1335,S131_006_00000018,S131_006_00000022,5,22
1336,S131_006_00000019,S131_006_00000022,5,22
1337,S131_006_00000020,S131_006_00000022,5,22
1338,S131_006_00000021,S131_006_00000022,5,22
1339,S131_006_00000022,S131_006_00000022,5,22
1340,S131_010_00000014,S131_010_00000018,3,18
1341,S131_010_00000015,S131_010_00000018,3,18
1342,S131_010_00000016,S131_010_00000018,3,18
1343,S131_010_00000017,S131_010_00000018,3,18
1344,S131_010_00000018,S131_010_00000018,3,18
1345,S132_002_00000014,S132_002_00000018,6,18
1346,S132_002_00000015,S132_002_00000018,6,18
1347,S132_002_00000016,S132_002_00000018,6,18
1348,S132_002_00000017,S132_002_00000018,6,18
1349,S132_002_00000018,S132_002_00000018,6,18
1350,S132_003_00000019,S132_003_00000023,4,23
1351,S132_003_00000020,S132_003_00000023,4,23
1352,S132_003_00000021,S132_003_00000023,4,23
1353,S132_003_00000022,S132_003_00000023,4,23
1354,S132_003_00000023,S132_003_00000023,4,23
1355,S132_005_00000012,S132_005_00000016,3,16
1356,S132_005_00000013,S132_005_00000016,3,16
1357,S132_005_00000014,S132_005_00000016,3,16
1358,S132_005_00000015,S132_005_00000016,3,16
1359,S132_005_00000016,S132_005_00000016,3,16
1360,S132_006_00000019,S132_006_00000023,5,23
1361,S132_006_00000020,S132_006_00000023,5,23
1362,S132_006_00000021,S132_006_00000023,5,23
1363,S132_006_00000022,S132_006_00000023,5,23
1364,S132_006_00000023,S132_006_00000023,5,23
1365,S132_008_00000006,S132_008_00000010,7,10
1366,S132_008_00000007,S132_008_00000010,7,10
1367,S132_008_00000008,S132_008_00000010,7,10
1368,S132_008_00000009,S132_008_00000010,7,10
1369,S132_008_00000010,S132_008_00000010,7,10
1370,S133_003_00000043,S133_003_00000047,1,47
1371,S133_003_00000044,S133_003_00000047,1,47
1372,S133_003_00000045,S133_003_00000047,1,47
1373,S133_003_00000046,S133_003_00000047,1,47
1374,S133_003_00000047,S133_003_00000047,1,47
1375,S133_009_00000002,S133_009_00000006,7,6
1376,S133_009_00000003,S133_009_00000006,7,6
1377,S133_009_00000004,S133_009_00000006,7,6
1378,S133_009_00000005,S133_009_00000006,7,6
1379,S133_009_00000006,S133_009_00000006,7,6
1380,S133_010_00000010,S133_010_00000014,5,14
1381,S133_010_00000011,S133_010_00000014,5,14
1382,S133_010_00000012,S133_010_00000014,5,14
1383,S133_010_00000013,S133_010_00000014,5,14
1384,S133_010_00000014,S133_010_00000014,5,14
1385,S134_003_00000007,S134_003_00000011,1,11
1386,S134_003_00000008,S134_003_00000011,1,11
1387,S134_003_00000009,S134_003_00000011,1,11
1388,S134_003_00000010,S134_003_00000011,1,11
1389,S134_003_00000011,S134_003_00000011,1,11
1390,S134_004_00000011,S134_004_00000015,5,15
1391,S134_004_00000012,S134_004_00000015,5,15
1392,S134_004_00000013,S134_004_00000015,5,15
1393,S134_004_00000014,S134_004_00000015,5,15
1394,S134_004_00000015,S134_004_00000015,5,15
1395,S134_008_00000009,S134_008_00000013,3,13
1396,S134_008_00000010,S134_008_00000013,3,13
1397,S134_008_00000011,S134_008_00000013,3,13
1398,S134_008_00000012,S134_008_00000013,3,13
1399,S134_008_00000013,S134_008_00000013,3,13
1400,S135_001_00000035,S135_001_00000039,7,39
1401,S135_001_00000036,S135_001_00000039,7,39
1402,S135_001_00000037,S135_001_00000039,7,39
1403,S135_001_00000038,S135_001_00000039,7,39
1404,S135_001_00000039,S135_001_00000039,7,39
1405,S135_012_00000016,S135_012_00000020,5,20
1406,S135_012_00000017,S135_012_00000020,5,20
1407,S135_012_00000018,S135_012_00000020,5,20
1408,S135_012_00000019,S135_012_00000020,5,20
1409,S135_012_00000020,S135_012_00000020,5,20
1410,S136_001_00000015,S136_001_00000019,7,19
1411,S136_001_00000016,S136_001_00000019,7,19
1412,S136_001_00000017,S136_001_00000019,7,19
1413,S136_001_00000018,S136_001_00000019,7,19
1414,S136_001_00000019,S136_001_00000019,7,19
1415,S136_003_00000010,S136_003_00000014,6,14
1416,S136_003_00000011,S136_003_00000014,6,14
1417,S136_003_00000012,S136_003_00000014,6,14
1418,S136_003_00000013,S136_003_00000014,6,14
1419,S136_003_00000014,S136_003_00000014,6,14
1420,S136_005_00000006,S136_005_00000010,1,10
1421,S136_005_00000007,S136_005_00000010,1,10
1422,S136_005_00000008,S136_005_00000010,1,10
1423,S136_005_00000009,S136_005_00000010,1,10
1424,S136_005_00000010,S136_005_00000010,1,10
1425,S136_006_00000016,S136_006_00000020,5,20
1426,S136_006_00000017,S136_006_00000020,5,20
1427,S136_006_00000018,S136_006_00000020,5,20
1428,S136_006_00000019,S136_006_00000020,5,20
1429,S136_006_00000020,S136_006_00000020,5,20
1430,S137_001_00000010,S137_001_00000014,7,14
1431,S137_001_00000011,S137_001_00000014,7,14
1432,S137_001_00000012,S137_001_00000014,7,14
1433,S137_001_00000013,S137_001_00000014,7,14
1434,S137_001_00000014,S137_001_00000014,7,14
1435,S137_005_00000023,S137_005_00000027,6,27
1436,S137_005_00000024,S137_005_00000027,6,27
1437,S137_005_00000025,S137_005_00000027,6,27
1438,S137_005_00000026,S137_005_00000027,6,27
1439,S137_005_00000027,S137_005_00000027,6,27
1440,S137_011_00000016,S137_011_00000020,5,20
1441,S137_011_00000017,S137_011_00000020,5,20
1442,S137_011_00000018,S137_011_00000020,5,20
1443,S137_011_00000019,S137_011_00000020,5,20
1444,S137_011_00000020,S137_011_00000020,5,20
1445,S138_001_00000008,S138_001_00000012,4,12
1446,S138_001_00000009,S138_001_00000012,4,12
1447,S138_001_00000010,S138_001_00000012,4,12
1448,S138_001_00000011,S138_001_00000012,4,12
1449,S138_001_00000012,S138_001_00000012,4,12
1450,S138_004_00000009,S138_004_00000013,7,13
1451,S138_004_00000010,S138_004_00000013,7,13
1452,S138_004_00000011,S138_004_00000013,7,13
1453,S138_004_00000012,S138_004_00000013,7,13
1454,S138_004_00000013,S138_004_00000013,7,13
1455,S138_005_00000012,S138_005_00000016,5,16
1456,S138_005_00000013,S138_005_00000016,5,16
1457,S138_005_00000014,S138_005_00000016,5,16
1458,S138_005_00000015,S138_005_00000016,5,16
1459,S138_005_00000016,S138_005_00000016,5,16
1460,S138_007_00000007,S138_007_00000011,6,11
1461,S138_007_00000008,S138_007_00000011,6,11
1462,S138_007_00000009,S138_007_00000011,6,11
1463,S138_007_00000010,S138_007_00000011,6,11
1464,S138_007_00000011,S138_007_00000011,6,11
1465,S138_008_00000005,S138_008_00000009,2,9
1466,S138_008_00000006,S138_008_00000009,2,9
1467,S138_008_00000007,S138_008_00000009,2,9
1468,S138_008_00000008,S138_008_00000009,2,9
1469,S138_008_00000009,S138_008_00000009,2,9
1470,S139_002_00000009,S139_002_00000013,2,13
1471,S139_002_00000010,S139_002_00000013,2,13
1472,S139_002_00000011,S139_002_00000013,2,13
1473,S139_002_00000012,S139_002_00000013,2,13
1474,S139_002_00000013,S139_002_00000013,2,13
1475,S147_002_00000009,S147_002_00000013,2,13
1476,S147_002_00000010,S147_002_00000013,2,13
1477,S147_002_00000011,S147_002_00000013,2,13
1478,S147_002_00000012,S147_002_00000013,2,13
1479,S147_002_00000013,S147_002_00000013,2,13
1480,S148_002_00000011,S148_002_00000015,2,15
1481,S148_002_00000012,S148_002_00000015,2,15
1482,S148_002_00000013,S148_002_00000015,2,15
1483,S148_002_00000014,S148_002_00000015,2,15
1484,S148_002_00000015,S148_002_00000015,2,15
1485,S149_002_00000009,S149_002_00000013,2,13
1486,S149_002_00000010,S149_002_00000013,2,13
1487,S149_002_00000011,S149_002_00000013,2,13
1488,S149_002_00000012,S149_002_00000013,2,13
1489,S149_002_00000013,S149_002_00000013,2,13
1490,S151_002_00000025,S151_002_00000029,2,29
1491,S151_002_00000026,S151_002_00000029,2,29
1492,S151_002_00000027,S151_002_00000029,2,29
1493,S151_002_00000028,S151_002_00000029,2,29
1494,S151_002_00000029,S151_002_00000029,2,29
1495,S154_002_00000009,S154_002_00000013,2,13
1496,S154_002_00000010,S154_002_00000013,2,13
1497,S154_002_00000011,S154_002_00000013,2,13
1498,S154_002_00000012,S154_002_00000013,2,13
1499,S154_002_00000013,S154_002_00000013,2,13
1500,S155_002_00000008,S155_002_00000012,2,12
1501,S155_002_00000009,S155_002_00000012,2,12
1502,S155_002_00000010,S155_002_00000012,2,12
1503,S155_002_00000011,S155_002_00000012,2,12
1504,S155_002_00000012,S155_002_00000012,2,12
1505,S156_002_00000017,S156_002_00000021,2,21
1506,S156_002_00000018,S156_002_00000021,2,21
1507,S156_002_00000019,S156_002_00000021,2,21
1508,S156_002_00000020,S156_002_00000021,2,21
1509,S156_002_00000021,S156_002_00000021,2,21
1510,S157_002_00000007,S157_002_00000011,2,11
1511,S157_002_00000008,S157_002_00000011,2,11
1512,S157_002_00000009,S157_002_00000011,2,11
1513,S157_002_00000010,S157_002_00000011,2,11
1514,S157_002_00000011,S157_002_00000011,2,11
1515,S158_002_00000007,S158_002_00000011,2,11
1516,S158_002_00000008,S158_002_00000011,2,11
1517,S158_002_00000009,S158_002_00000011,2,11
1518,S158_002_00000010,S158_002_00000011,2,11
1519,S158_002_00000011,S158_002_00000011,2,11
1520,S160_006_00000006,S160_006_00000010,2,10
1521,S160_006_00000007,S160_006_00000010,2,10
1522,S160_006_00000008,S160_006_00000010,2,10
1523,S160_006_00000009,S160_006_00000010,2,10
1524,S160_006_00000010,S160_006_00000010,2,10
1525,S501_001_00000063,S501_001_00000067,1,67
1526,S501_001_00000064,S501_001_00000067,1,67
1527,S501_001_00000065,S501_001_00000067,1,67
1528,S501_001_00000066,S501_001_00000067,1,67
1529,S501_001_00000067,S501_001_00000067,1,67
1530,S501_004_00000052,S501_004_00000056,4,56
1531,S501_004_00000053,S501_004_00000056,4,56
1532,S501_004_00000054,S501_004_00000056,4,56
1533,S501_004_00000055,S501_004_00000056,4,56
1534,S501_004_00000056,S501_004_00000056,4,56
1535,S501_006_00000037,S501_006_00000041,6,41
1536,S501_006_00000038,S501_006_00000041,6,41
1537,S501_006_00000039,S501_006_00000041,6,41
1538,S501_006_00000040,S501_006_00000041,6,41
1539,S501_006_00000041,S501_006_00000041,6,41
1540,S502_001_00000012,S502_001_00000016,1,16
1541,S502_001_00000013,S502_001_00000016,1,16
1542,S502_001_00000014,S502_001_00000016,1,16
1543,S502_001_00000015,S502_001_00000016,1,16
1544,S502_001_00000016,S502_001_00000016,1,16
1545,S502_002_00000005,S502_002_00000009,2,9
1546,S502_002_00000006,S502_002_00000009,2,9
1547,S502_002_00000007,S502_002_00000009,2,9
1548,S502_002_00000008,S502_002_00000009,2,9
1549,S502_002_00000009,S502_002_00000009,2,9
1550,S502_004_00000048,S502_004_00000052,4,52
1551,S502_004_00000049,S502_004_00000052,4,52
1552,S502_004_00000050,S502_004_00000052,4,52
1553,S502_004_00000051,S502_004_00000052,4,52
1554,S502_004_00000052,S502_004_00000052,4,52
1555,S503_001_00000067,S503_001_00000071,1,71
1556,S503_001_00000068,S503_001_00000071,1,71
1557,S503_001_00000069,S503_001_00000071,1,71
1558,S503_001_00000070,S503_001_00000071,1,71
1559,S503_001_00000071,S503_001_00000071,1,71
1560,S503_002_00000004,S503_002_00000008,2,8
1561,S503_002_00000005,S503_002_00000008,2,8
1562,S503_002_00000006,S503_002_00000008,2,8
1563,S503_002_00000007,S503_002_00000008,2,8
1564,S503_002_00000008,S503_002_00000008,2,8
1565,S503_006_00000016,S503_006_00000020,6,20
1566,S503_006_00000017,S503_006_00000020,6,20
1567,S503_006_00000018,S503_006_00000020,6,20
1568,S503_006_00000019,S503_006_00000020,6,20
1569,S503_006_00000020,S503_006_00000020,6,20
1570,S504_001_00000018,S504_001_00000022,1,22
1571,S504_001_00000019,S504_001_00000022,1,22
1572,S504_001_00000020,S504_001_00000022,1,22
1573,S504_001_00000021,S504_001_00000022,1,22
1574,S504_001_00000022,S504_001_00000022,1,22
1575,S504_002_00000005,S504_002_00000009,2,9
1576,S504_002_00000006,S504_002_00000009,2,9
1577,S504_002_00000007,S504_002_00000009,2,9
1578,S504_002_00000008,S504_002_00000009,2,9
1579,S504_002_00000009,S504_002_00000009,2,9
1580,S504_004_00000011,S504_004_00000015,4,15
1581,S504_004_00000012,S504_004_00000015,4,15
1582,S504_004_00000013,S504_004_00000015,4,15
1583,S504_004_00000014,S504_004_00000015,4,15
1584,S504_004_00000015,S504_004_00000015,4,15
1585,S504_006_00000014,S504_006_00000018,6,18
1586,S504_006_00000015,S504_006_00000018,6,18
1587,S504_006_00000016,S504_006_00000018,6,18
1588,S504_006_00000017,S504_006_00000018,6,18
1589,S504_006_00000018,S504_006_00000018,6,18
1590,S505_002_00000017,S505_002_00000021,2,21
1591,S505_002_00000018,S505_002_00000021,2,21
1592,S505_002_00000019,S505_002_00000021,2,21
1593,S505_002_00000020,S505_002_00000021,2,21
1594,S505_002_00000021,S505_002_00000021,2,21
1595,S505_006_00000015,S505_006_00000019,6,19
1596,S505_006_00000016,S505_006_00000019,6,19
1597,S505_006_00000017,S505_006_00000019,6,19
1598,S505_006_00000018,S505_006_00000019,6,19
1599,S505_006_00000019,S505_006_00000019,6,19
1600,S506_001_00000036,S506_001_00000040,1,40
1601,S506_001_00000037,S506_001_00000040,1,40
1602,S506_001_00000038,S506_001_00000040,1,40
1603,S506_001_00000039,S506_001_00000040,1,40
1604,S506_001_00000040,S506_001_00000040,1,40
1605,S506_002_00000005,S506_002_00000009,2,9
1606,S506_002_00000006,S506_002_00000009,2,9
1607,S506_002_00000007,S506_002_00000009,2,9
1608,S506_002_00000008,S506_002_00000009,2,9
1609,S506_002_00000009,S506_002_00000009,2,9
1610,S506_004_00000034,S506_004_00000038,4,38
1611,S506_004_00000035,S506_004_00000038,4,38
1612,S506_004_00000036,S506_004_00000038,4,38
1613,S506_004_00000037,S506_004_00000038,4,38
1614,S506_004_00000038,S506_004_00000038,4,38
1615,S506_006_00000038,S506_006_00000042,6,43
1616,S506_006_00000039,S506_006_00000042,6,43
1617,S506_006_00000040,S506_006_00000042,6,43
1618,S506_006_00000041,S506_006_00000042,6,43
1619,S506_006_00000042,S506_006_00000042,6,43
1620,S895_002_00000003,S895_002_00000007,2,7
1621,S895_002_00000004,S895_002_00000007,2,7
1622,S895_002_00000005,S895_002_00000007,2,7
1623,S895_002_00000006,S895_002_00000007,2,7
1624,S895_002_00000007,S895_002_00000007,2,7
1625,S999_001_00000014,S999_001_00000018,1,18
1626,S999_001_00000015,S999_001_00000018,1,18
1627,S999_001_00000016,S999_001_00000018,1,18
1628,S999_001_00000017,S999_001_00000018,1,18
1629,S999_001_00000018,S999_001_00000018,1,18
1630,S999_003_00000051,S999_003_00000055,4,55
1631,S999_003_00000052,S999_003_00000055,4,55
1632,S999_003_00000053,S999_003_00000055,4,55
1633,S999_003_00000054,S999_003_00000055,4,55
1634,S999_003_00000055,S999_003_00000055,4,55
